{
  "sections": {
    "a887b8a6-ea4d-4e70-95eb-31d6b736db0b": {
      "type": "header",
      "settings": {
        "title": "404 Error - Page not Found",
        "overline": "",
        "show_overline": false,
        "byline": "",
        "show_byline": false
      }
    },
    "db2b5d16-368e-45ea-8628-bf35e97e30c3": {
      "type": "tiles-large",
      "blocks": {
        "headline_fpgwyT": {
          "type": "headline",
          "settings": {
            "block_headline_size": "h2",
            "block_headline": "Oops! Looks Like This Page Took a Spa Day! 🛀✨"
          }
        },
        "richtext_qe6JLp": {
          "type": "richtext",
          "settings": {
            "copy": "<p>We can't find the page you're looking for, but we've got plenty of relaxing options waiting for you back home. Turn back Sarah and find your path to serenity!<\/p>"
          }
        }
      },
      "block_order": [
        "headline_fpgwyT",
        "richtext_qe6JLp"
      ],
      "settings": {
        "tile_type": "blank"
      }
    },
    "feba7c20-44a7-4a06-878d-f24b94f50cca": {
      "type": "tiles-cta",
      "blocks": {
        "template--15551876988988__feba7c20-44a7-4a06-878d-f24b94f50cca-sign-up_form-1": {
          "type": "sign-up_form",
          "settings": {
            "form_url": "https:\/\/example.com",
            "button_text": "Subscribe"
          }
        }
      },
      "block_order": [
        "template--15551876988988__feba7c20-44a7-4a06-878d-f24b94f50cca-sign-up_form-1"
      ],
      "settings": {
        "headline": "Get the Inside Scoop!",
        "copy": "<p>Be the first to know about our sizzling sales, fabulous new treatments, and irresistible offers! Indulge in a spa experience that keeps giving – straight to your inbox!<\/p>"
      }
    },
    "c5ff4f72-9220-4c34-93bb-161ddc6a7ee1": {
      "type": "footer",
      "settings": {
      }
    }
  },
  "order": [
    "a887b8a6-ea4d-4e70-95eb-31d6b736db0b",
    "db2b5d16-368e-45ea-8628-bf35e97e30c3",
    "feba7c20-44a7-4a06-878d-f24b94f50cca",
    "c5ff4f72-9220-4c34-93bb-161ddc6a7ee1"
  ]
}