{
  "sections": {
    "header": {
      "type": "header",
      "settings": {
        "title": "",
        "overline": "",
        "show_overline": false,
        "byline": "",
        "show_byline": false
      }
    },
    "main": {
      "type": "tiles-large",
      "settings": {
        "headline": "",
        "copy": "",
        "tile-type": "content"
      }
    },
    "footer": {
      "type": "footer",
      "settings": {
      }
    }
  },
  "order": [
    "header",
    "main",
    "footer"
  ]
}